"file","md5","rows","refreshed"
"BAA12_raw.rds","ece4590ec980ab9c9be79b096a9ecaf0",440,"2026-06-11"
"CNAPA01_raw.rds","99d909cba98eee535ea3eb8c221de663",36,"2026-06-11"
"DEA08_raw.rds","be538469b29783b0fa161123c38c7f3c",756,"2026-06-11"
"GPIIA04_raw.rds","d4bb957a5b241e2c89dba7fc4eddcadd",128,"2026-06-11"
"GPIIA05_raw.rds","a8998dc47180e2d46a3b11c5cb1f306e",108,"2026-06-11"
"HPM03_raw.rds","9156b354c06a6a629a1da2d7e075a10f",4032,"2026-06-11"
"sbs_ovw_act_labelled.rds","bd781967772ed5e7a2c3a895b34ec935",13824,"2026-06-11"
"sbs_ovw_act_raw.rds","8564a5175964d36822edd87f8ab9d527",13824,"2026-06-11"
"tps00001_labelled.rds","2c54e6d5854a8aa55b8371b960747c94",54,"2026-06-11"
"tps00001_raw.rds","50d79e0d4e3adbae9bb6fd75c3a25155",54,"2026-06-11"
